molecule_chembl_id,canonical_smiles,standard_value
CHEMBL133897,CCOc1nn(-c2cccc(OCc3ccccc3)c2)c(=O)o1,750.0
CHEMBL336398,O=C(N1CCCCC1)n1nc(-c2ccc(Cl)cc2)nc1SCC1CC1,100.0
CHEMBL131588,CN(C(=O)n1nc(-c2ccc(Cl)cc2)nc1SCC(F)(F)F)c1ccccc1,50000.0
CHEMBL130628,O=C(N1CCCCC1)n1nc(-c2ccc(Cl)cc2)nc1SCC(F)(F)F,300.0
CHEMBL130478,CSc1nc(-c2ccc(OC(F)(F)F)cc2)nn1C(=O)N(C)C,800.0
CHEMBL130112,CSc1nc(-c2ccc(C)cc2)nn1C(=O)N(C)c1ccccc1,2400.0
CHEMBL130098,CSc1nc(-c2ccc(Cl)cc2)nn1C(=O)N(C)C,100.0
CHEMBL337486,CCCCCCSc1nc(-c2ccc(Cl)cc2)nn1C(=O)N1CCOCC1,50000.0
CHEMBL336538,COc1ccc(-c2nc(SC)n(C(=O)N(C)C)n2)cc1,800.0
CHEMBL131051,CSc1nc(-c2ccc(OC(F)(F)F)cc2)nn1C(=O)N(C)c1ccccc1,50000.0
